{
	"type": "minecraft:chest",
	"pools": [
		{
			"rolls": 1,
			"bonus_rolls": 0,
			"entries": [
				{
					"type": "minecraft:item",
					"name": "minecraft:emerald",
					"weight": 125,
					"functions": [
						{
							"function": "minecraft:set_count",
							"count": {
								"type": "minecraft:uniform",
								"min": 1,
								"max": 3
							},
							"add": false
						}
					]
				},
				{
					"type": "minecraft:item",
					"name": "minecraft:arrow",
					"weight": 100,
					"functions": [
						{
							"function": "minecraft:set_count",
							"count": {
								"type": "minecraft:uniform",
								"min": 2,
								"max": 8
							},
							"add": false
						}
					]
				},
				{
					"type": "minecraft:item",
					"name": "minecraft:iron_ingot",
					"weight": 100,
					"functions": [
						{
							"function": "minecraft:set_count",
							"count": {
								"type": "minecraft:uniform",
								"min": 1,
								"max": 2
							},
							"add": false
						}
					]
				}
			]
		}
	],
	"random_sequence": "minecraft:pots/trial_chambers/corridor"
}
