{
	"name": "explorify:campsite/main",
	"fallback": "minecraft:empty",
	"elements": [
		{
			"weight": 1,
			"element": {
				"element_type": "minecraft:single_pool_element",
				"location": "explorify:campsite/main/01",
				"projection": "rigid",
				"processors": "minecraft:mossify_10_percent"
			}
		},
		{
			"weight": 1,
			"element": {
				"element_type": "minecraft:single_pool_element",
				"location": "explorify:campsite/main/02",
				"projection": "rigid",
				"processors": "minecraft:mossify_10_percent"
			}
		},
		{
			"weight": 1,
			"element": {
				"element_type": "minecraft:single_pool_element",
				"location": "explorify:campsite/main/03",
				"projection": "rigid",
				"processors": "minecraft:mossify_10_percent"
			}
		},
		{
			"weight": 1,
			"element": {
				"element_type": "minecraft:single_pool_element",
				"location": "explorify:campsite/main/04",
				"projection": "rigid",
				"processors": "minecraft:mossify_10_percent"
			}
		},
		{
			"weight": 1,
			"element": {
				"element_type": "minecraft:single_pool_element",
				"location": "explorify:campsite/main/05",
				"projection": "rigid",
				"processors": "minecraft:mossify_10_percent"
			}
		}
	]
}